Start,Length,Vib,Press,Delay,Block,FN,FP
0,3000,0,0,NaN,0,0,0
3000,3000,0,0,NaN,0,0,0
6000,3000,0,0,NaN,0,0,0
9000,3000,0,0,NaN,0,0,0
12000,3000,0,0,NaN,0,0,0
15000,3000,0,0,NaN,0,0,0
18000,3000,0,0,NaN,0,0,0
21000,3000,0,0,NaN,0,0,0
24000,3000,0,0,NaN,0,0,0
27000,3000,0,0,NaN,0,0,0
30000,3000,0,0,NaN,0,0,0
33000,3000,0,0,NaN,0,0,0
36000,3000,0,0,NaN,0,0,0
39000,3000,0,0,NaN,0,0,0
42000,3000,0,0,NaN,0,0,0
45000,3000,0,0,NaN,0,0,0
48000,3000,0,0,NaN,0,0,0
51000,3000,0,0,NaN,0,0,0
54000,3000,0,0,NaN,0,0,0
57000,3000,0,0,NaN,0,0,0
60000,3000,0,0,NaN,0,0,0
63000,3000,0,0,NaN,0,0,0
66000,3000,0,0,NaN,0,0,0
69000,3000,0,0,NaN,0,0,0
72000,3000,0,0,NaN,0,0,0
75000,3000,0,0,NaN,0,0,0
78000,3000,0,0,NaN,0,0,0
81000,3000,0,0,NaN,0,0,0
84000,3000,0,0,NaN,0,0,0
87000,3000,0,0,NaN,0,0,0
90000,3000,0,0,NaN,0,0,0
93000,3000,0,0,NaN,0,0,0
96000,3000,0,0,NaN,0,0,0
99000,3000,0,0,NaN,0,0,0
102000,3000,0,0,NaN,0,0,0
105000,3000,0,0,NaN,0,0,0
108000,3000,0,0,NaN,0,0,0
111000,3000,0,0,NaN,0,0,0
114000,3000,0,0,NaN,0,0,0
117000,3000,0,0,NaN,0,0,0
120000,3000,1,1,1642,4,0,0
123000,2964,0,0,NaN,4,0,0
125964,3000,1,1,610,4,0,0
128964,2942,0,0,NaN,4,0,0
131906,3000,1,1,465,4,0,0
134906,2935,0,1,NaN,4,0,1
137841,3000,1,1,500,4,0,0
140841,2938,0,0,NaN,4,0,0
143779,3000,1,1,284,4,0,0
146779,2944,0,0,NaN,4,0,0
149723,3000,1,1,365,4,0,0
152723,3000,0,0,NaN,4,0,0
155723,32,0,0,NaN,4,0,0
155755,3000,1,1,379,4,0,0
158755,2848,0,0,NaN,4,0,0
161603,3000,1,1,337,4,0,0
164603,3000,0,0,NaN,4,0,0
167603,3000,0,0,NaN,4,0,0
170603,3000,0,0,NaN,4,0,0
173603,956,0,0,NaN,4,0,0
174559,3000,1,1,697,4,0,0
177559,3000,0,0,NaN,4,0,0
180559,3000,0,0,NaN,4,0,0
183559,3000,0,0,NaN,4,0,0
186559,950,0,0,NaN,4,0,0
187509,2620,1,1,559,4,0,0
190129,380,0,1,NaN,4,0,1
190509,3000,0,0,NaN,4,0,0
193509,3000,0,0,NaN,4,0,0
196509,3000,0,0,NaN,4,0,0
199509,938,0,0,NaN,4,0,0
200447,3000,1,1,568,4,0,0
203447,3000,0,0,NaN,4,0,0
206447,3000,0,0,NaN,4,0,0
209447,3000,0,0,NaN,4,0,0
212447,990,0,0,NaN,4,0,0
213437,3000,1,1,579,4,0,0
216437,3000,0,0,NaN,4,0,0
219437,3000,0,0,NaN,4,0,0
222437,3000,0,0,NaN,4,0,0
225437,921,0,0,NaN,4,0,0
226358,3000,1,1,1350,4,0,0
229358,3000,0,1,NaN,4,0,1
232358,3000,0,0,NaN,4,0,0
235358,3000,0,0,NaN,4,0,0
238358,958,0,0,NaN,4,0,0
239316,3000,1,1,726,4,0,0
242316,3000,0,0,NaN,4,0,0
245316,3000,0,0,NaN,4,0,0
248316,3000,0,0,NaN,4,0,0
251316,948,0,0,NaN,4,0,0
252264,3000,1,1,485,4,0,0
255264,3000,0,0,NaN,4,0,0
258264,2911,0,0,NaN,4,0,0
261175,3000,1,1,1165,4,0,0
264175,3000,0,0,NaN,4,0,0
267175,2976,0,0,NaN,4,0,0
270151,3000,1,1,514,4,0,0
273151,3000,0,0,NaN,4,0,0
276151,2948,0,0,NaN,4,0,0
279099,3000,1,1,678,4,0,0
282099,3000,0,0,NaN,4,0,0
285099,2945,0,0,NaN,4,0,0
288044,3000,1,1,797,4,0,0
291044,3000,0,0,NaN,4,0,0
294044,2958,0,0,NaN,4,0,0
297002,3000,1,1,1591,4,0,0
300002,3000,0,0,NaN,4,0,0
303002,2937,0,0,NaN,4,0,0
305939,3000,1,1,770,4,0,0
308939,3000,0,0,NaN,4,0,0
311939,2962,0,0,NaN,4,0,0
314901,3000,1,1,679,4,0,0
317901,3000,0,0,NaN,4,0,0
320901,2936,0,0,NaN,4,0,0
323837,3000,1,1,720,4,0,0
326837,3000,0,0,NaN,4,0,0
329837,2963,0,0,NaN,4,0,0
332800,3000,1,1,830,4,0,0
335800,3000,0,0,NaN,4,0,0
338800,3000,0,0,NaN,4,0,0
341800,3000,0,0,NaN,4,0,0
344800,3000,0,0,NaN,4,0,0
347800,3000,0,0,NaN,4,0,0
350800,1928,0,0,NaN,4,0,0
352728,3000,1,1,1134,4,0,0
355728,3000,0,0,NaN,4,0,0
358728,3000,0,0,NaN,4,0,0
361728,3000,0,0,NaN,4,0,0
364728,3000,0,0,NaN,4,0,0
367728,3000,0,0,NaN,4,0,0
370728,1972,0,0,NaN,4,0,0
372700,3000,1,1,790,4,0,0
375700,3000,0,0,NaN,4,0,0
378700,3000,0,0,NaN,4,0,0
381700,3000,0,0,NaN,4,0,0
384700,3000,0,0,NaN,4,0,0
387700,3000,0,0,NaN,4,0,0
390700,1961,0,0,NaN,4,0,0
392661,3000,1,1,754,4,0,0
395661,3000,0,0,NaN,4,0,0
398661,3000,0,0,NaN,4,0,0
401661,3000,0,0,NaN,4,0,0
404661,3000,0,0,NaN,4,0,0
407661,3000,0,0,NaN,4,0,0
410661,1955,0,0,NaN,4,0,0
412616,3000,1,1,767,4,0,0
415616,3000,0,0,NaN,4,0,0
418616,3000,0,0,NaN,4,0,0
421616,3000,0,0,NaN,4,0,0
424616,3000,0,0,NaN,4,0,0
427616,3000,0,0,NaN,4,0,0
430616,1949,0,0,NaN,4,0,0
432565,3000,1,1,1006,4,0,0
435565,3000,0,0,NaN,4,0,0
438565,3000,0,0,NaN,4,0,0
441565,3000,0,0,NaN,4,0,0
444565,3000,0,0,NaN,4,0,0
447565,3000,0,0,NaN,4,0,0
450565,1952,0,0,NaN,4,0,0
452517,3000,1,1,695,4,0,0
455517,3000,0,0,NaN,4,0,0
458517,3000,0,0,NaN,4,0,0
461517,2951,0,0,NaN,4,0,0
464468,3000,1,1,620,4,0,0
467468,3000,0,0,NaN,4,0,0
470468,3000,0,0,NaN,4,0,0
473468,2946,0,0,NaN,4,0,0
476414,3000,1,1,927,4,0,0
479414,3000,0,0,NaN,4,0,0
482414,3000,0,0,NaN,4,0,0
485414,2971,0,0,NaN,4,0,0
488385,3000,1,1,680,4,0,0
491385,3000,0,1,NaN,4,0,1
494385,3000,0,0,NaN,4,0,0
497385,2934,0,0,NaN,4,0,0
500319,3000,1,1,1025,4,0,0
503319,3000,0,0,NaN,4,0,0
506319,3000,0,0,NaN,4,0,0
509319,2949,0,0,NaN,4,0,0
512268,3000,1,1,584,4,0,0
515268,3000,0,0,NaN,4,0,0
518268,3000,0,0,NaN,4,0,0
521268,2940,0,0,NaN,4,0,0
524208,3000,1,1,571,4,0,0
527208,3000,0,0,NaN,4,0,0
530208,3000,0,0,NaN,4,0,0
533208,2868,0,0,NaN,4,0,0
536076,3000,1,1,1141,4,0,0
539076,3000,0,0,NaN,4,0,0
542076,3000,0,0,NaN,4,0,0
545076,3000,0,0,NaN,4,0,0
548076,27,0,0,NaN,4,0,0
548103,3000,1,1,665,4,0,0
551103,3000,0,0,NaN,4,0,0
554103,3000,0,0,NaN,4,0,0
557103,3000,0,0,NaN,4,0,0
560103,3000,0,0,NaN,4,0,0
563103,1968,0,0,NaN,4,0,0
565071,3000,1,1,533,4,0,0
568071,3000,0,0,NaN,4,0,0
571071,3000,0,0,NaN,4,0,0
574071,3000,0,0,NaN,4,0,0
577071,3000,0,0,NaN,4,0,0
580071,1947,0,0,NaN,4,0,0
582018,3000,1,1,749,4,0,0
585018,3000,0,0,NaN,4,0,0
588018,3000,0,0,NaN,4,0,0
591018,3000,0,0,NaN,4,0,0
594018,3000,0,0,NaN,4,0,0
597018,1963,0,0,NaN,4,0,0
598981,3000,1,1,756,4,0,0
601981,3000,0,0,NaN,4,0,0
604981,3000,0,0,NaN,4,0,0
607981,3000,0,0,NaN,4,0,0
610981,3000,0,0,NaN,4,0,0
613981,1987,0,0,NaN,4,0,0
615968,3000,1,1,744,4,0,0
618968,3000,0,0,NaN,4,0,0
621968,3000,0,0,NaN,4,0,0
624968,3000,0,0,NaN,4,0,0
627968,3000,0,0,NaN,4,0,0
630968,1891,0,0,NaN,4,0,0
632859,3000,1,1,1795,4,0,0
635859,3000,0,1,NaN,4,0,1
638859,3000,0,0,NaN,4,0,0
641859,3000,0,0,NaN,4,0,0
644859,3000,0,0,NaN,4,0,0
647859,1946,0,0,NaN,4,0,0
649805,1923,1,1,1908,4,0,0
651728,1077,0,1,NaN,4,0,1
652805,3000,0,0,NaN,4,0,0
655805,3000,0,0,NaN,4,0,0
658805,3000,0,0,NaN,4,0,0
661805,3000,0,0,NaN,4,0,0
664805,1969,0,0,NaN,4,0,0
666774,3000,1,1,917,4,0,0
669774,3000,0,0,NaN,4,0,0
672774,3000,0,0,NaN,4,0,0
675774,959,0,0,NaN,4,0,0
676733,3000,1,1,1550,4,0,0
679733,3000,0,0,NaN,4,0,0
682733,3000,0,0,NaN,4,0,0
685733,948,0,0,NaN,4,0,0
686681,3000,1,1,1131,4,0,0
689681,3000,0,0,NaN,4,0,0
692681,3000,0,0,NaN,4,0,0
695681,950,0,0,NaN,4,0,0
696631,3000,1,1,756,4,0,0
699631,3000,0,0,NaN,4,0,0
702631,3000,0,0,NaN,4,0,0
705631,938,0,0,NaN,4,0,0
706569,3000,1,1,1160,4,0,0
709569,3000,0,0,NaN,4,0,0
712569,3000,0,0,NaN,4,0,0
715569,966,0,0,NaN,4,0,0
716535,3000,1,1,1090,4,0,0
719535,3000,0,0,NaN,4,0,0
722535,3000,0,0,NaN,4,0,0
725535,937,0,0,NaN,4,0,0
726472,3000,1,0,NaN,4,1,0
729472,3000,0,1,NaN,4,0,1
732472,3000,0,0,NaN,4,0,0
735472,952,0,0,NaN,4,0,0
736424,3000,1,1,1454,4,0,0
739424,3000,0,0,NaN,4,0,0
742424,3000,0,0,NaN,4,0,0
745424,944,0,0,NaN,4,0,0
746368,3000,1,1,1543,4,0,0
749368,3000,0,0,NaN,4,0,0
752368,3000,0,0,NaN,4,0,0
755368,951,0,0,NaN,4,0,0
756319,3000,1,1,1443,4,0,0
759319,3000,0,0,NaN,4,0,0
762319,3000,0,0,NaN,4,0,0
765319,3000,0,0,NaN,4,0,0
768319,3000,0,0,NaN,4,0,0
771319,3000,0,0,NaN,4,0,0
774319,3000,0,0,NaN,4,0,0
777319,1954,0,0,NaN,4,0,0
779273,3000,1,1,1006,4,0,0
782273,3000,0,0,NaN,4,0,0
785273,3000,0,0,NaN,4,0,0
788273,3000,0,0,NaN,4,0,0
791273,3000,0,0,NaN,4,0,0
794273,3000,0,0,NaN,4,0,0
797273,3000,0,0,NaN,4,0,0
800273,1961,0,0,NaN,4,0,0
802234,3000,1,1,897,4,0,0
805234,3000,0,0,NaN,4,0,0
808234,3000,0,0,NaN,4,0,0
811234,3000,0,0,NaN,4,0,0
814234,3000,0,0,NaN,4,0,0
817234,3000,0,0,NaN,4,0,0
820234,3000,0,0,NaN,4,0,0
823234,1961,0,0,NaN,4,0,0
825195,3000,1,1,759,4,0,0
828195,3000,0,1,NaN,4,0,1
831195,3000,0,0,NaN,4,0,0
834195,3000,0,0,NaN,4,0,0
837195,3000,0,0,NaN,4,0,0
840195,3000,0,0,NaN,4,0,0
843195,3000,0,0,NaN,4,0,0
846195,1953,0,0,NaN,4,0,0
848148,3000,1,1,2349,4,0,0
851148,3000,0,0,NaN,4,0,0
854148,3000,0,0,NaN,4,0,0
857148,3000,0,0,NaN,4,0,0
860148,3000,0,0,NaN,4,0,0
863148,3000,0,0,NaN,4,0,0
866148,3000,0,0,NaN,4,0,0
869148,1993,0,0,NaN,4,0,0
871141,3000,1,0,NaN,4,1,0
874141,3000,0,0,NaN,4,0,0
877141,3000,0,0,NaN,4,0,0
880141,3000,0,0,NaN,4,0,0
883141,3000,0,0,NaN,4,0,0
886141,3000,0,0,NaN,4,0,0
889141,3000,0,0,NaN,4,0,0
892141,1924,0,0,NaN,4,0,0
894065,3000,1,0,NaN,4,1,0
897065,3000,0,0,NaN,1,0,0
900065,3000,0,0,NaN,1,0,0
903065,3000,0,0,NaN,1,0,0
906065,3000,0,0,NaN,1,0,0
909065,3000,0,0,NaN,1,0,0
912065,3000,0,0,NaN,1,0,0
915065,3000,0,0,NaN,1,0,0
918065,3000,0,0,NaN,1,0,0
921065,3000,0,0,NaN,1,0,0
924065,3000,0,0,NaN,1,0,0
927065,3000,0,0,NaN,1,0,0
930065,3000,0,0,NaN,1,0,0
933065,3000,0,0,NaN,1,0,0
936065,3000,0,0,NaN,1,0,0
939065,3000,0,0,NaN,1,0,0
942065,3000,0,0,NaN,1,0,0
945065,3000,0,0,NaN,1,0,0
948065,3000,0,0,NaN,1,0,0
951065,3000,0,0,NaN,1,0,0
954065,3000,0,0,NaN,1,0,0
957065,3000,0,0,NaN,1,0,0
960065,3000,0,0,NaN,1,0,0
963065,3000,0,0,NaN,1,0,0
966065,3000,0,0,NaN,1,0,0
969065,3000,0,0,NaN,1,0,0
972065,3000,0,0,NaN,1,0,0
975065,3000,0,0,NaN,1,0,0
978065,3000,0,0,NaN,1,0,0
981065,3000,0,0,NaN,1,0,0
984065,3000,0,0,NaN,1,0,0
987065,3000,0,0,NaN,1,0,0
990065,3000,0,0,NaN,1,0,0
993065,3000,0,0,NaN,1,0,0
996065,3000,0,0,NaN,1,0,0
999065,3000,0,0,NaN,1,0,0
1002065,3000,0,0,NaN,1,0,0
1005065,3000,0,0,NaN,1,0,0
1008065,3000,0,0,NaN,1,0,0
1011065,3000,0,0,NaN,1,0,0
1014065,3000,0,0,NaN,1,0,0
1018206,3000,0,0,NaN,1,0,0
1021206,3000,0,0,NaN,1,0,0
1024206,3000,0,0,NaN,1,0,0
1027206,3000,0,0,NaN,1,0,0
1030206,3000,0,0,NaN,1,0,0
1033206,3000,0,0,NaN,1,0,0
1036206,3000,0,0,NaN,1,0,0
1039206,3000,0,0,NaN,1,0,0
1042206,3000,0,0,NaN,1,0,0
1045206,3000,0,0,NaN,1,0,0
1048206,3000,0,0,NaN,1,0,0
1051206,3000,0,0,NaN,1,0,0
1054206,3000,0,0,NaN,1,0,0
1057206,3000,0,0,NaN,1,0,0
1060206,3000,0,0,NaN,1,0,0
1063206,3000,0,0,NaN,1,0,0
1066206,3000,0,0,NaN,1,0,0
1069206,3000,0,0,NaN,1,0,0
1072206,3000,0,0,NaN,1,0,0
1075206,3000,0,0,NaN,1,0,0
1078206,3000,0,0,NaN,1,0,0
1081206,3000,0,0,NaN,1,0,0
1084206,3000,0,0,NaN,1,0,0
1087206,3000,0,0,NaN,1,0,0
1090206,3000,0,0,NaN,1,0,0
1093206,3000,0,0,NaN,1,0,0
1096206,3000,0,0,NaN,1,0,0
1099206,3000,0,0,NaN,1,0,0
1102206,3000,0,0,NaN,1,0,0
1105206,3000,0,0,NaN,1,0,0
1108206,3000,0,0,NaN,1,0,0
1111206,3000,0,0,NaN,1,0,0
1114206,3000,0,0,NaN,1,0,0
1117206,3000,0,1,NaN,1,0,1
1120206,3000,0,0,NaN,1,0,0
1123206,3000,0,0,NaN,1,0,0
1126206,3000,0,0,NaN,1,0,0
1129206,3000,0,0,NaN,1,0,0
1132206,3000,0,0,NaN,1,0,0
1135206,3000,0,0,NaN,1,0,0
1138206,3000,1,1,1272,5,0,0
1141206,3000,0,0,NaN,5,0,0
1144206,3000,0,0,NaN,5,0,0
1147206,3000,0,0,NaN,5,0,0
1150206,963,0,0,NaN,5,0,0
1151169,3000,1,1,572,5,0,0
1154169,3000,0,0,NaN,5,0,0
1157169,3000,0,0,NaN,5,0,0
1160169,3000,0,0,NaN,5,0,0
1163169,944,0,0,NaN,5,0,0
1164113,3000,1,1,620,5,0,0
1167113,3000,0,0,NaN,5,0,0
1170113,3000,0,0,NaN,5,0,0
1173113,3000,0,0,NaN,5,0,0
1176113,975,0,0,NaN,5,0,0
1177088,3000,1,1,594,5,0,0
1180088,3000,0,0,NaN,5,0,0
1183088,3000,0,0,NaN,5,0,0
1186088,3000,0,0,NaN,5,0,0
1189088,938,0,0,NaN,5,0,0
1190026,3000,1,1,550,5,0,0
1193026,3000,0,0,NaN,5,0,0
1196026,3000,0,0,NaN,5,0,0
1199026,3000,0,0,NaN,5,0,0
1202026,952,0,0,NaN,5,0,0
1202978,3000,1,1,605,5,0,0
1205978,3000,0,0,NaN,5,0,0
1208978,3000,0,0,NaN,5,0,0
1211978,3000,0,0,NaN,5,0,0
1214978,964,0,0,NaN,5,0,0
1215942,3000,1,1,545,5,0,0
1218942,3000,0,0,NaN,5,0,0
1221942,3000,0,0,NaN,5,0,0
1224942,3000,0,0,NaN,5,0,0
1227942,3000,0,0,NaN,5,0,0
1230942,3000,0,0,NaN,5,0,0
1233942,1953,0,0,NaN,5,0,0
1235895,3000,1,1,524,5,0,0
1238895,3000,0,0,NaN,5,0,0
1241895,3000,0,0,NaN,5,0,0
1244895,3000,0,0,NaN,5,0,0
1247895,3000,0,0,NaN,5,0,0
1250895,3000,0,0,NaN,5,0,0
1253895,1941,0,0,NaN,5,0,0
1255836,3000,1,1,754,5,0,0
1258836,3000,0,0,NaN,5,0,0
1261836,3000,0,0,NaN,5,0,0
1264836,3000,0,0,NaN,5,0,0
1267836,3000,0,0,NaN,5,0,0
1270836,3000,0,0,NaN,5,0,0
1273836,1974,0,0,NaN,5,0,0
1275810,3000,1,1,891,5,0,0
1278810,3000,0,0,NaN,5,0,0
1281810,3000,0,0,NaN,5,0,0
1284810,3000,0,0,NaN,5,0,0
1287810,3000,0,0,NaN,5,0,0
1290810,3000,0,0,NaN,5,0,0
1293810,1935,0,0,NaN,5,0,0
1295745,3000,1,1,714,5,0,0
1298745,3000,0,0,NaN,5,0,0
1301745,3000,0,0,NaN,5,0,0
1304745,3000,0,0,NaN,5,0,0
1307745,3000,0,0,NaN,5,0,0
1310745,3000,0,0,NaN,5,0,0
1313745,1876,0,0,NaN,5,0,0
1315621,3000,1,1,848,5,0,0
1318621,3000,0,0,NaN,5,0,0
1321621,3000,0,0,NaN,5,0,0
1324621,3000,0,0,NaN,5,0,0
1327621,3000,0,0,NaN,5,0,0
1330621,3000,0,0,NaN,5,0,0
1333621,1981,0,0,NaN,5,0,0
1335602,3000,1,1,826,5,0,0
1338602,3000,0,0,NaN,5,0,0
1341602,3000,0,0,NaN,5,0,0
1344602,3000,0,0,NaN,5,0,0
1347602,3000,0,0,NaN,5,0,0
1350602,3000,0,0,NaN,5,0,0
1353602,2044,0,0,NaN,5,0,0
1355646,3000,1,1,788,5,0,0
1358646,2943,0,0,NaN,5,0,0
1361589,3000,1,1,664,5,0,0
1364589,2956,0,0,NaN,5,0,0
1367545,3000,1,1,522,5,0,0
1370545,2923,0,0,NaN,5,0,0
1373468,3000,1,1,674,5,0,0
1376468,2999,0,0,NaN,5,0,0
1379467,3000,1,1,417,5,0,0
1382467,2922,0,0,NaN,5,0,0
1385389,3000,1,1,435,5,0,0
1388389,2928,0,1,NaN,5,0,1
1391317,3000,1,1,513,5,0,0
1394317,2979,0,0,NaN,5,0,0
1397296,3000,1,1,546,5,0,0
1400296,2920,0,0,NaN,5,0,0
1403216,3000,1,1,580,5,0,0
1406216,3000,0,0,NaN,5,0,0
1409216,3000,0,0,NaN,5,0,0
1412216,3000,0,0,NaN,5,0,0
1415216,3000,0,0,NaN,5,0,0
1418216,1953,0,0,NaN,5,0,0
1420169,3000,1,1,706,5,0,0
1423169,3000,0,0,NaN,5,0,0
1426169,3000,0,0,NaN,5,0,0
1429169,3000,0,0,NaN,5,0,0
1432169,3000,0,0,NaN,5,0,0
1435169,1939,0,0,NaN,5,0,0
1437108,3000,1,1,587,5,0,0
1440108,3000,0,0,NaN,5,0,0
1443108,3000,0,0,NaN,5,0,0
1446108,3000,0,0,NaN,5,0,0
1449108,3000,0,0,NaN,5,0,0
1452108,1958,0,0,NaN,5,0,0
1454066,3000,1,1,761,5,0,0
1457066,3000,0,1,NaN,5,0,1
1460066,3000,0,0,NaN,5,0,0
1463066,3000,0,0,NaN,5,0,0
1466066,3000,0,0,NaN,5,0,0
1469066,1938,0,0,NaN,5,0,0
1471004,3000,1,1,749,5,0,0
1474004,3000,0,0,NaN,5,0,0
1477004,3000,0,0,NaN,5,0,0
1480004,3000,0,0,NaN,5,0,0
1483004,3000,0,0,NaN,5,0,0
1486004,1902,0,0,NaN,5,0,0
1487906,3000,1,1,811,5,0,0
1490906,3000,0,0,NaN,5,0,0
1493906,3000,0,0,NaN,5,0,0
1496906,3000,0,0,NaN,5,0,0
1499906,3000,0,0,NaN,5,0,0
1502906,2030,0,0,NaN,5,0,0
1504936,3000,1,1,717,5,0,0
1507936,3000,0,0,NaN,5,0,0
1510936,3000,0,0,NaN,5,0,0
1513936,3000,0,0,NaN,5,0,0
1516936,3000,0,0,NaN,5,0,0
1519936,1832,0,0,NaN,5,0,0
1521768,1008,1,1,1004,5,0,0
1521768,939,0,1,NaN,5,0,1
1521768,509,0,1,NaN,5,0,1
1521768,25,0,1,NaN,5,0,1
1521768,519,0,1,NaN,5,0,1
1524768,3000,0,0,NaN,5,0,0
1527768,3000,0,0,NaN,5,0,0
1530768,4,0,0,NaN,5,0,0
1530772,3000,1,1,707,5,0,0
1533772,3000,0,0,NaN,5,0,0
1536772,3000,0,0,NaN,5,0,0
1539772,37,0,0,NaN,5,0,0
1539809,3000,1,1,562,5,0,0
1542809,3000,0,0,NaN,5,0,0
1545809,2917,0,0,NaN,5,0,0
1548726,3000,1,1,993,5,0,0
1551726,3000,0,1,NaN,5,0,1
1554726,2966,0,0,NaN,5,0,0
1557692,3000,1,1,546,5,0,0
1560692,3000,0,0,NaN,5,0,0
1563692,2890,0,0,NaN,5,0,0
1566582,3000,1,1,586,5,0,0
1569582,3000,0,0,NaN,5,0,0
1572582,2934,0,0,NaN,5,0,0
1575516,3000,1,1,682,5,0,0
1578516,3000,0,0,NaN,5,0,0
1581516,3000,0,0,NaN,5,0,0
1584516,13,0,0,NaN,5,0,0
1584529,3000,1,1,919,5,0,0
1587529,3000,0,0,NaN,5,0,0
1590529,2893,0,0,NaN,5,0,0
1593422,3000,1,1,1302,5,0,0
1596422,3000,0,0,NaN,5,0,0
1599422,3000,0,0,NaN,5,0,0
1602422,3000,0,0,NaN,5,0,0
1605422,3000,0,0,NaN,5,0,0
1608422,3000,0,0,NaN,5,0,0
1611422,3000,0,0,NaN,5,0,0
1614422,2000,0,0,NaN,5,0,0
1616422,3000,1,1,779,5,0,0
1619422,3000,0,0,NaN,5,0,0
1622422,3000,0,0,NaN,5,0,0
1625422,3000,0,0,NaN,5,0,0
1628422,3000,0,0,NaN,5,0,0
1631422,3000,0,0,NaN,5,0,0
1634422,3000,0,0,NaN,5,0,0
1637422,1984,0,0,NaN,5,0,0
1639406,3000,1,1,1201,5,0,0
1642406,3000,0,0,NaN,5,0,0
1645406,3000,0,0,NaN,5,0,0
1648406,3000,0,0,NaN,5,0,0
1651406,3000,0,0,NaN,5,0,0
1654406,3000,0,0,NaN,5,0,0
1657406,3000,0,0,NaN,5,0,0
1660406,1952,0,0,NaN,5,0,0
1662358,3000,1,1,1063,5,0,0
1665358,3000,0,0,NaN,5,0,0
1668358,3000,0,0,NaN,5,0,0
1671358,3000,0,0,NaN,5,0,0
1674358,3000,0,0,NaN,5,0,0
1677358,3000,0,0,NaN,5,0,0
1680358,3000,0,0,NaN,5,0,0
1683358,1915,0,0,NaN,5,0,0
1685273,3000,1,1,935,5,0,0
1688273,3000,0,0,NaN,5,0,0
1691273,3000,0,0,NaN,5,0,0
1694273,3000,0,0,NaN,5,0,0
1697273,3000,0,0,NaN,5,0,0
1700273,3000,0,0,NaN,5,0,0
1703273,3000,0,0,NaN,5,0,0
1706273,2012,0,0,NaN,5,0,0
1708285,3000,1,1,941,5,0,0
1711285,3000,0,0,NaN,5,0,0
1714285,3000,0,0,NaN,5,0,0
1717285,3000,0,0,NaN,5,0,0
1720285,3000,0,0,NaN,5,0,0
1723285,3000,0,0,NaN,5,0,0
1726285,3000,0,0,NaN,5,0,0
1729285,1963,0,0,NaN,5,0,0
1731248,3000,1,1,1120,5,0,0
1734248,3000,0,0,NaN,5,0,0
1737248,3000,0,0,NaN,5,0,0
1740248,3000,0,0,NaN,5,0,0
1743248,3000,0,0,NaN,5,0,0
1746248,3000,0,0,NaN,5,0,0
1749248,3000,0,0,NaN,5,0,0
1752248,1918,0,0,NaN,5,0,0
1754166,3000,1,1,859,5,0,0
1757166,3000,0,0,NaN,5,0,0
1760166,3000,0,0,NaN,5,0,0
1763166,2971,0,0,NaN,5,0,0
1766137,3000,1,1,709,5,0,0
1769137,3000,0,0,NaN,5,0,0
1772137,3000,0,0,NaN,5,0,0
1775137,2909,0,0,NaN,5,0,0
1778046,3000,1,1,968,5,0,0
1781046,3000,0,0,NaN,5,0,0
1784046,3000,0,0,NaN,5,0,0
1787046,2977,0,0,NaN,5,0,0
1790023,3000,1,1,1075,5,0,0
1793023,3000,0,0,NaN,5,0,0
1796023,3000,0,0,NaN,5,0,0
1799023,2975,0,0,NaN,5,0,0
1801998,3000,1,1,701,5,0,0
1804998,3000,0,0,NaN,5,0,0
1807998,3000,0,0,NaN,5,0,0
1810998,2956,0,0,NaN,5,0,0
1813954,3000,1,1,787,5,0,0
1816954,3000,0,0,NaN,5,0,0
1819954,3000,0,0,NaN,5,0,0
1822954,2944,0,0,NaN,5,0,0
1825898,3000,1,0,NaN,5,1,0
1828898,3000,0,0,NaN,5,0,0
1831898,3000,0,0,NaN,5,0,0
1834898,2979,0,0,NaN,5,0,0
1837877,3000,1,1,1267,5,0,0
1840877,3000,0,0,NaN,5,0,0
1843877,3000,0,0,NaN,5,0,0
1846877,2929,0,0,NaN,5,0,0
1849806,3000,1,1,2509,5,0,0
1852806,3000,0,0,NaN,5,0,0
1855806,902,0,0,NaN,5,0,0
1856708,3000,1,1,748,5,0,0
1859708,3000,0,0,NaN,5,0,0
1862708,993,0,0,NaN,5,0,0
1863701,3000,1,1,1056,5,0,0
1866701,3000,0,0,NaN,5,0,0
1869701,914,0,0,NaN,5,0,0
1870615,3000,1,1,962,5,0,0
1873615,3000,0,1,NaN,5,0,1
1876615,978,0,0,NaN,5,0,0
1877593,3000,1,1,1221,5,0,0
1880593,3000,0,1,NaN,5,0,1
1883593,894,0,0,NaN,5,0,0
1884487,3000,1,1,1814,5,0,0
1887487,3000,0,0,NaN,2,0,0
1890487,3000,0,0,NaN,2,0,0
1893487,3000,0,0,NaN,2,0,0
1896487,3000,0,0,NaN,2,0,0
1899487,3000,0,0,NaN,2,0,0
1902487,3000,0,0,NaN,2,0,0
1905487,3000,0,0,NaN,2,0,0
1908487,3000,0,0,NaN,2,0,0
1911487,3000,0,0,NaN,2,0,0
1914487,3000,0,0,NaN,2,0,0
1917487,3000,0,0,NaN,2,0,0
1920487,3000,0,0,NaN,2,0,0
1923487,3000,0,0,NaN,2,0,0
1926487,3000,0,0,NaN,2,0,0
1929487,3000,0,0,NaN,2,0,0
1932487,3000,0,0,NaN,2,0,0
1935487,3000,0,0,NaN,2,0,0
1938487,3000,0,0,NaN,2,0,0
1941487,3000,0,0,NaN,2,0,0
1944487,3000,0,0,NaN,2,0,0
1947487,3000,0,0,NaN,2,0,0
1950487,3000,0,0,NaN,2,0,0
1953487,3000,0,0,NaN,2,0,0
1956487,3000,0,0,NaN,2,0,0
1959487,3000,0,0,NaN,2,0,0
1962487,3000,0,0,NaN,2,0,0
1965487,3000,0,0,NaN,2,0,0
1968487,3000,0,0,NaN,2,0,0
1971487,3000,0,0,NaN,2,0,0
1974487,3000,0,0,NaN,2,0,0
1977487,3000,0,0,NaN,2,0,0
1980487,3000,0,0,NaN,2,0,0
1983487,3000,0,0,NaN,2,0,0
1986487,3000,0,0,NaN,2,0,0
1989487,3000,0,0,NaN,2,0,0
1992487,3000,0,0,NaN,2,0,0
1995487,3000,0,0,NaN,2,0,0
1998487,3000,0,0,NaN,2,0,0
2001487,3000,0,0,NaN,2,0,0
2004487,3000,0,0,NaN,2,0,0
